<?xml version="1.0" encoding="UTF-8"?>
<project-private xmlns="http://www.netbeans.org/ns/project-private/1">
    <editor-bookmarks xmlns="http://www.netbeans.org/ns/editor-bookmarks/2" lastBookmarkId="0"/>
    <open-files xmlns="http://www.netbeans.org/ns/projectui-open-files/2">
        <group>
            <file>file:/C:/Users/Alexey/Documents/NetBeansProjects/Quiz/src/quiz/Question14.java</file>
            <file>file:/C:/Users/Alexey/Documents/NetBeansProjects/Quiz/src/quiz/Question9.java</file>
            <file>file:/C:/Users/Alexey/Documents/NetBeansProjects/Quiz/src/quiz/Opening.java</file>
            <file>file:/C:/Users/Alexey/Documents/NetBeansProjects/Quiz/src/quiz/Question6.java</file>
            <file>file:/C:/Users/Alexey/Documents/NetBeansProjects/Quiz/src/quiz/Question11.java</file>
            <file>file:/C:/Users/Alexey/Documents/NetBeansProjects/Quiz/src/quiz/Question10.java</file>
            <file>file:/C:/Users/Alexey/Documents/NetBeansProjects/Quiz/src/quiz/Question12.java</file>
            <file>file:/C:/Users/Alexey/Documents/NetBeansProjects/Quiz/src/quiz/Question13.java</file>
        </group>
    </open-files>
</project-private>
